Date,RELIANCE,HDFC,HDFCBANK,INFY,ICICIBANK,NIFTY 50
2018-01-01,909.75,1683.75,1854.5,1033.55,310.3,10435.55
2018-01-02,911.15,1703.25,1872.35,1029.7,309.7,10442.2
2018-01-03,914.8,1700.8,1852.65,1021.3,315.0,10443.2
2018-01-04,920.3,1703.2,1859.9,1015.4,314.7,10504.8
2018-01-05,923.25,1725.2,1863.6,1012.0,312.9,10558.85
2018-01-08,928.55,1740.95,1860.6,1036.05,314.15,10623.6
2018-01-09,940.95,1735.05,1863.7,1041.35,312.6,10637.0
2018-01-10,942.35,1726.45,1864.2,1052.25,312.0,10632.2
2018-01-11,937.75,1741.35,1872.55,1075.8,309.5,10651.2
2018-01-12,949.0,1760.95,1865.3,1078.45,317.7,10681.25
2018-01-15,949.15,1871.2,1897.75,1081.15,329.3,10741.55
2018-01-16,922.95,1845.95,1900.15,1122.85,334.1,10700.45
2018-01-17,924.5,1858.35,1890.5,1152.1,343.25,10788.55
2018-01-18,919.7,1896.8,1934.3,1152.7,346.15,10817.0
2018-01-19,931.3,1901.25,1952.2,1143.45,353.6,10894.7
2018-01-22,971.5,1872.0,1963.35,1150.0,351.5,10966.2
2018-01-23,983.25,1884.65,1951.3,1177.1,362.3,11083.7
2018-01-24,966.35,1911.2,1957.65,1185.8,352.75,11086.0
2018-01-25,965.9,1908.3,1974.95,1175.4,360.8,11069.65
2018-01-29,964.5,1967.6,1999.65,1182.9,357.65,11130.4
2018-01-30,950.4,1937.5,1995.5,1170.65,353.25,11049.65
2018-01-31,961.3,1956.3,2005.7,1150.25,352.95,11027.7
2018-02-01,943.85,1967.55,1991.15,1144.6,346.2,11016.9
2018-02-02,904.35,1903.85,1948.0,1143.25,335.1,10760.6
2018-02-05,902.15,1823.35,1913.85,1138.2,329.7,10666.55
2018-02-06,892.1,1788.6,1896.8,1107.75,330.7,10498.25
2018-02-07,894.4,1785.35,1872.8,1109.05,332.55,10476.7
2018-02-08,904.55,1811.8,1880.95,1134.25,333.85,10576.85
2018-02-09,897.85,1773.05,1849.5,1109.15,326.75,10454.95
2018-02-12,915.5,1805.45,1876.65,1102.8,326.25,10539.75
2018-02-14,933.65,1814.0,1883.15,1097.75,318.95,10500.9
2018-02-15,935.65,1829.5,1881.9,1114.45,328.65,10545.5
2018-02-16,921.3,1815.5,1878.6,1128.05,321.05,10452.3
2018-02-19,927.0,1814.05,1878.2,1131.75,319.75,10378.4
2018-02-20,921.1,1811.75,1863.2,1136.95,317.25,10360.4
2018-02-21,929.35,1824.8,1857.4,1147.4,319.2,10397.45
2018-02-22,924.35,1819.25,1853.2,1160.75,318.35,10382.7
2018-02-23,934.25,1824.2,1880.55,1155.65,322.75,10491.05
2018-02-26,938.7,1843.25,1911.55,1138.6,327.05,10582.6
2018-02-27,950.5,1828.65,1902.55,1150.2,322.15,10554.3
2018-02-28,954.55,1808.7,1884.2,1172.6,313.25,10492.85
2018-03-01,948.4,1814.15,1874.35,1160.75,304.95,10458.35
2018-03-05,924.1,1789.6,1869.95,1155.9,303.35,10358.85
2018-03-06,910.85,1782.8,1846.25,1151.35,295.05,10249.25
2018-03-07,889.75,1761.75,1832.6,1144.1,286.7,10154.2
2018-03-08,911.45,1798.75,1852.85,1156.65,296.95,10242.65
2018-03-09,913.1,1818.6,1851.05,1163.4,292.7,10226.85
2018-03-12,930.3,1858.05,1867.25,1185.75,300.65,10421.4
2018-03-13,931.85,1868.5,1860.25,1183.8,304.35,10426.85
2018-03-14,929.05,1844.7,1864.5,1180.8,306.05,10410.9
2018-03-15,911.8,1830.0,1880.8,1182.5,301.45,10360.15
2018-03-16,900.05,1791.4,1853.0,1171.9,298.1,10195.15
2018-03-19,895.5,1774.5,1847.25,1146.75,294.55,10094.25
2018-03-20,889.8,1800.05,1839.5,1164.55,292.0,10124.35
2018-03-21,896.9,1817.85,1858.9,1167.5,289.2,10155.25
2018-03-22,908.15,1809.55,1867.75,1161.3,283.25,10114.75
2018-03-23,893.9,1789.6,1841.55,1167.6,275.55,9998.05
2018-03-26,901.1,1830.15,1893.45,1155.25,281.65,10130.65
2018-03-27,899.8,1823.15,1892.6,1154.0,283.9,10184.15
2018-03-28,882.7,1825.6,1886.1,1131.8,278.35,10113.7
2018-04-02,892.95,1838.05,1931.2,1137.15,261.85,10211.8
2018-04-03,899.55,1825.7,1915.9,1140.45,270.05,10245.0
2018-04-04,894.9,1803.3,1883.25,1124.2,268.65,10128.4
2018-04-05,908.2,1824.45,1908.9,1147.55,278.65,10325.15
2018-04-06,911.0,1829.0,1923.4,1127.0,280.65,10331.6
2018-04-09,916.0,1836.7,1939.05,1111.25,280.85,10379.35
2018-04-10,917.05,1817.5,1920.85,1113.4,288.8,10402.25
2018-04-11,930.85,1812.4,1918.85,1124.25,284.55,10417.15
2018-04-12,928.7,1829.05,1928.8,1162.6,286.75,10458.65
2018-04-13,938.85,1840.6,1925.0,1171.45,288.25,10480.6
2018-04-16,937.05,1870.45,1942.1,1133.2,287.6,10528.35
2018-04-17,944.25,1889.7,1948.5,1125.2,291.75,10548.7
2018-04-18,938.0,1877.7,1932.6,1125.95,290.05,10526.2
2018-04-19,942.3,1858.65,1939.0,1132.85,289.6,10565.3
2018-04-20,927.9,1834.15,1955.9,1178.45,282.15,10564.05
2018-04-23,936.0,1830.85,1935.75,1187.7,279.4,10584.7
2018-04-24,970.05,1859.55,1935.0,1154.5,284.1,10614.35
2018-04-25,970.5,1849.5,1920.75,1160.35,278.9,10570.55
2018-04-26,975.35,1850.45,1930.25,1176.45,278.85,10617.8
2018-04-27,996.3,1853.75,1923.4,1185.2,287.9,10692.3
2018-04-30,963.3,1883.25,1944.3,1199.5,284.2,10739.35
2018-05-02,972.7,1910.6,1969.5,1197.05,276.9,10718.05
2018-05-03,961.6,1922.7,1967.9,1182.55,281.9,10679.65
2018-05-04,953.95,1910.35,1988.5,1173.1,282.85,10618.25
2018-05-07,971.0,1918.7,1977.4,1183.0,289.8,10715.5
2018-05-08,967.1,1903.35,1967.05,1165.55,309.3,10717.8
2018-05-09,976.7,1897.65,1978.4,1170.7,306.8,10741.7
2018-05-10,981.15,1894.3,1992.7,1168.0,306.85,10716.55
2018-05-11,989.25,1919.8,2011.75,1180.75,310.95,10806.5
2018-05-14,986.6,1930.6,2021.75,1189.3,310.1,10806.6
2018-05-15,978.95,1929.55,2037.8,1194.55,308.25,10801.85
2018-05-16,956.15,1914.55,2023.35,1189.95,297.25,10741.1
2018-05-17,945.35,1875.1,2027.75,1182.9,296.0,10682.7
2018-05-18,933.85,1853.0,2012.15,1183.2,286.1,10596.4
2018-05-21,931.35,1819.2,1993.05,1179.5,289.3,10516.7
2018-05-22,926.75,1810.0,1989.9,1193.85,290.3,10536.7
2018-05-23,912.25,1783.65,1967.5,1184.9,292.05,10430.35
2018-05-24,915.85,1806.1,1986.0,1221.0,297.7,10513.85
2018-05-25,920.8,1819.75,2008.7,1228.3,295.65,10605.15
2018-05-28,920.4,1829.55,2042.2,1214.4,299.25,10688.65
2018-05-29,917.45,1809.75,2032.6,1216.7,289.9,10633.3
2018-05-30,916.1,1790.8,2048.35,1211.7,284.9,10614.35
2018-05-31,921.35,1833.0,2139.45,1231.8,285.8,10736.15
2018-06-01,930.55,1844.25,2110.6,1220.8,289.3,10696.2
2018-06-04,940.85,1833.15,2046.2,1239.4,286.75,10628.5
2018-06-05,947.65,1848.4,2063.6,1220.85,284.1,10593.15
2018-06-06,954.4,1858.45,2057.35,1237.45,283.9,10684.65
2018-06-07,971.35,1869.0,2062.2,1252.45,290.9,10768.35
2018-06-08,984.35,1840.45,2049.35,1260.05,288.25,10767.65
2018-06-11,982.65,1839.45,2042.3,1262.4,286.4,10786.95
2018-06-12,997.15,1847.7,2043.85,1258.5,287.4,10842.85
2018-06-13,1002.5,1832.3,2031.45,1274.8,290.75,10856.7
2018-06-14,1007.95,1833.75,2037.4,1239.7,284.75,10808.05
2018-06-15,1014.2,1832.25,2029.6,1281.25,282.5,10817.7
2018-06-18,1015.55,1823.55,2019.15,1267.4,293.0,10799.85
2018-06-19,996.05,1828.0,2023.5,1241.6,292.8,10710.45
2018-06-20,1019.25,1847.0,2056.15,1243.15,293.2,10772.05
2018-06-21,1031.95,1858.9,2057.6,1246.55,297.95,10741.1
2018-06-22,1012.5,1906.75,2083.35,1247.85,300.65,10821.85
2018-06-25,1004.45,1893.8,2094.95,1272.45,289.7,10762.45
2018-06-26,978.95,1915.85,2093.7,1277.85,288.1,10769.15
2018-06-27,965.85,1904.85,2112.6,1270.0,279.05,10671.4
2018-06-28,944.95,1878.0,2130.85,1289.6,271.4,10589.1
2018-06-29,972.45,1908.1,2108.45,1307.2,275.4,10714.3
2018-07-02,960.6,1897.1,2073.25,1334.7,277.4,10657.3
2018-07-03,971.3,1879.7,2070.2,1353.75,272.9,10699.9
2018-07-04,990.1,1922.5,2103.55,1345.2,273.25,10769.9
2018-07-05,964.5,1931.05,2123.75,1284.0,271.55,10749.75
2018-07-06,977.55,1916.85,2115.15,1284.25,270.05,10772.65
2018-07-09,997.1,1904.9,2125.65,1298.85,271.2,10852.9
2018-07-10,1025.7,1942.55,2146.4,1301.4,273.4,10947.25
2018-07-11,1038.8,1928.1,2148.25,1320.45,268.75,10948.3
2018-07-12,1082.35,1962.7,2165.95,1294.35,272.3,11023.2
2018-07-13,1099.8,1972.5,2180.9,1317.4,267.75,11018.9
2018-07-16,1076.2,1991.2,2168.85,1332.85,259.25,10936.85
2018-07-17,1092.35,1989.3,2176.75,1327.9,266.45,11008.05
2018-07-18,1092.55,2009.45,2176.2,1322.55,262.7,10980.45
2018-07-19,1104.85,1988.4,2186.1,1316.7,261.2,10957.1
2018-07-20,1128.65,1973.85,2189.05,1348.1,265.8,11010.2
2018-07-23,1120.3,1966.85,2156.45,1355.95,275.55,11084.75
2018-07-24,1110.95,1975.55,2159.75,1377.15,274.35,11134.3
2018-07-25,1115.15,2000.85,2170.35,1383.75,274.65,11132.0
2018-07-26,1110.65,2023.4,2192.6,1373.25,285.65,11167.3
2018-07-27,1129.85,2047.25,2202.15,1373.45,293.2,11278.35
2018-07-30,1151.4,2028.75,2169.9,1351.0,307.35,11319.55
2018-07-31,1186.0,1994.85,2179.5,1365.1,304.25,11356.5
2018-08-01,1192.35,1970.15,2158.7,1354.05,299.3,11346.2
2018-08-02,1168.35,1931.95,2130.2,1353.65,298.55,11244.7
2018-08-03,1176.95,1977.5,2121.65,1364.1,305.0,11360.8
2018-08-06,1192.6,1979.3,2114.3,1360.65,315.1,11387.1
2018-08-07,1184.2,1978.6,2130.9,1367.95,313.15,11389.45
2018-08-08,1217.7,1984.6,2136.35,1362.75,318.7,11450.0
2018-08-09,1217.95,1969.95,2118.5,1379.95,333.0,11470.7
2018-08-10,1204.2,1974.3,2114.45,1385.45,328.6,11429.5
2018-08-13,1187.7,1947.0,2091.65,1408.75,324.9,11355.75
2018-08-14,1210.6,1941.5,2089.1,1408.3,332.45,11435.1
2018-08-16,1200.8,1891.2,2075.7,1429.55,334.3,11385.05
2018-08-17,1203.75,1885.65,2077.35,1430.35,340.0,11470.75
2018-08-20,1234.9,1920.05,2096.2,1384.25,338.45,11551.75
2018-08-21,1247.2,1913.35,2096.05,1383.95,338.85,11570.9
2018-08-23,1269.45,1906.3,2079.9,1397.4,337.2,11582.75
2018-08-24,1277.5,1919.05,2069.85,1378.3,330.15,11557.1
2018-08-27,1291.5,1924.85,2080.45,1415.4,339.9,11691.95
2018-08-28,1319.0,1955.15,2094.85,1424.7,338.9,11738.5
2018-08-29,1294.2,1956.25,2078.5,1410.1,340.65,11691.9
2018-08-30,1274.45,1934.15,2066.1,1416.2,344.35,11676.8
2018-08-31,1241.65,1935.95,2061.2,1441.1,342.6,11680.5
2018-09-03,1229.15,1944.8,2075.05,1434.25,334.15,11582.35
2018-09-04,1241.95,1954.8,2051.8,737.15,328.5,11520.3
2018-09-05,1227.0,1937.4,2045.85,729.9,329.65,11476.95
2018-09-06,1261.4,1956.15,2052.2,727.15,328.65,11536.9
2018-09-07,1278.6,1920.0,2056.95,732.8,335.1,11589.1
2018-09-10,1255.85,1883.55,2041.15,730.85,332.9,11438.1
2018-09-11,1237.7,1868.05,2000.4,734.3,326.55,11287.5
2018-09-12,1252.5,1877.8,2011.85,742.9,322.9,11369.9
2018-09-14,1253.15,1925.45,2029.6,733.7,328.35,11515.2
2018-09-17,1225.9,1878.85,1992.2,725.95,325.7,11377.75
2018-09-18,1217.15,1855.7,1989.2,719.1,318.85,11278.9
2018-09-19,1210.75,1830.65,1961.35,719.75,320.95,11234.35
2018-09-21,1217.5,1839.4,1970.25,705.3,317.1,11143.1
2018-09-24,1232.05,1718.7,1925.7,718.25,308.75,10967.4
2018-09-25,1230.6,1773.35,1952.4,726.2,311.1,11067.45
2018-09-26,1251.4,1767.45,1968.2,717.85,313.1,11053.8
2018-09-27,1253.75,1729.0,1976.15,724.8,306.65,10977.55
2018-09-28,1257.95,1754.5,2006.05,730.05,305.55,10930.45
2018-10-01,1231.7,1806.35,2035.45,746.65,314.0,11008.3
2018-10-03,1205.1,1797.55,2031.15,728.5,303.7,10858.25
2018-10-04,1122.25,1778.45,1957.75,707.2,316.5,10599.25
2018-10-05,1048.85,1708.65,1965.3,724.6,307.3,10316.45
2018-10-08,1109.4,1667.7,1945.0,714.45,310.85,10348.05
2018-10-09,1090.05,1712.75,1940.6,717.75,306.25,10301.05
2018-10-10,1102.1,1736.95,1967.15,700.45,319.85,10460.1
2018-10-11,1087.8,1684.55,1937.55,673.35,311.7,10234.65
2018-10-12,1126.55,1730.3,1981.85,678.8,319.4,10472.5
2018-10-15,1139.75,1732.9,2008.05,698.8,313.35,10512.5
2018-10-16,1163.8,1756.25,1992.75,695.25,320.65,10584.75
2018-10-17,1151.3,1737.8,1974.6,705.35,314.8,10453.05
2018-10-19,1101.3,1660.25,1967.75,683.55,315.45,10303.55
2018-10-22,1062.65,1658.3,1998.9,679.95,327.1,10245.25
2018-10-23,1054.7,1686.75,1984.85,657.6,322.85,10146.8
2018-10-24,1045.75,1741.45,1992.25,649.8,322.0,10224.75
2018-10-25,1030.8,1694.45,1968.8,648.75,319.95,10124.9
2018-10-26,1044.9,1702.1,1961.2,633.6,315.65,10030.0
2018-10-29,1087.8,1698.4,1926.3,644.75,349.4,10250.85
2018-10-30,1057.0,1671.9,1912.75,659.6,345.7,10198.4
2018-10-31,1061.25,1769.25,1911.75,686.4,355.0,10386.6
2018-11-01,1056.25,1762.0,1912.2,666.7,353.7,10380.45
2018-11-02,1074.9,1824.4,1949.45,662.25,354.45,10553.0
2018-11-05,1090.3,1792.9,1956.0,666.0,349.65,10524.0
2018-11-06,1104.1,1805.9,1946.55,666.45,353.1,10530.0
2018-11-07,1110.7,1815.85,1957.95,675.5,355.9,10598.4
2018-11-09,1093.45,1816.1,1945.4,659.5,356.85,10585.2
2018-11-12,1080.0,1795.9,1921.05,664.2,352.35,10482.2
2018-11-13,1099.45,1824.7,1927.75,665.7,360.9,10582.5
2018-11-14,1097.95,1839.15,1957.75,653.2,366.6,10576.3
2018-11-15,1096.85,1853.6,1975.15,656.4,370.0,10616.7
2018-11-16,1127.4,1889.0,2004.3,650.85,367.55,10682.2
2018-11-19,1150.0,1899.35,2013.9,651.7,362.4,10763.4
2018-11-20,1137.4,1876.8,2012.45,641.4,357.9,10656.2
2018-11-21,1112.9,1868.15,2018.75,619.1,356.75,10600.05
2018-11-22,1102.85,1873.7,2005.5,620.75,352.05,10526.75
2018-11-26,1109.75,1884.65,2049.8,621.45,356.35,10628.6
2018-11-27,1128.2,1901.7,2064.0,638.9,354.65,10685.6
2018-11-28,1152.65,1928.0,2089.25,666.4,359.0,10728.85
2018-11-29,1168.5,1956.3,2131.05,661.05,362.2,10858.7
2018-11-30,1167.55,1989.0,2128.45,667.45,355.15,10876.75
2018-12-03,1156.45,1980.75,2113.3,670.35,355.5,10883.75
2018-12-04,1152.3,1939.45,2085.55,685.25,357.95,10869.5
2018-12-05,1155.15,1973.3,2099.2,681.4,351.4,10782.9
2018-12-06,1123.65,1945.8,2097.05,668.5,347.65,10601.15
2018-12-07,1133.8,1951.35,2107.6,682.8,352.2,10693.7
2018-12-10,1090.25,1906.5,2088.75,669.2,346.35,10488.45
2018-12-11,1097.55,1905.25,2059.55,674.5,342.8,10549.15
2018-12-12,1110.5,1940.2,2085.3,678.5,349.95,10737.6
2018-12-13,1107.05,1942.05,2101.3,697.75,349.55,10791.55
2018-12-14,1112.2,1904.1,2095.7,706.05,351.9,10805.45
2018-12-17,1129.9,1960.35,2130.2,694.4,358.45,10888.35
2018-12-18,1136.4,1952.0,2135.45,676.6,362.25,10908.7
2018-12-19,1136.8,1981.7,2123.45,664.85,366.5,10967.3
2018-12-20,1128.45,1974.7,2137.45,667.05,362.15,10951.7
2018-12-21,1100.2,1948.6,2111.15,646.2,354.2,10754.0
2018-12-24,1089.15,1902.15,2080.65,649.0,352.75,10663.5
2018-12-26,1098.35,1933.35,2122.35,644.05,355.85,10729.85
2018-12-27,1120.2,1948.85,2105.05,656.8,355.65,10779.8
2018-12-28,1125.55,1979.95,2122.9,656.95,360.75,10859.9
2018-12-31,1121.25,1968.35,2121.7,658.95,360.15,10862.55
2019-01-01,1121.0,2009.0,2148.1,665.05,363.75,10910.1
2019-01-02,1106.4,1980.65,2128.5,669.05,364.6,10792.5
2019-01-03,1092.75,1936.85,2111.8,669.15,363.25,10672.25
2019-01-04,1098.65,1972.6,2117.45,661.05,365.2,10727.35
2019-01-07,1104.75,1972.9,2120.65,671.7,367.7,10771.8
2019-01-08,1104.65,1958.95,2103.0,670.05,380.15,10802.15
2019-01-09,1110.75,1994.95,2116.8,676.1,382.25,10855.15
2019-01-10,1107.5,1980.1,2108.5,679.7,379.5,10821.6
2019-01-11,1098.05,1991.4,2111.9,683.5,378.55,10794.95
2019-01-14,1096.8,1969.2,2101.65,701.9,373.35,10737.6
2019-01-15,1129.65,1992.15,2121.9,726.6,372.75,10886.8
2019-01-16,1135.9,1975.0,2120.2,736.8,375.3,10890.3
2019-01-17,1134.45,2004.55,2132.3,733.35,374.6,10905.2
2019-01-18,1184.35,2006.85,2130.25,730.95,372.0,10906.95
2019-01-21,1237.7,2004.45,2148.15,745.0,371.7,10961.85
2019-01-22,1235.15,1979.4,2135.85,745.35,369.05,10922.75
2019-01-23,1226.3,1958.25,2105.4,731.65,367.4,10831.5
2019-01-24,1247.45,1971.1,2102.25,732.0,364.8,10849.8
2019-01-25,1246.0,1977.8,2096.0,730.35,357.2,10780.55
2019-01-28,1229.55,1946.9,2084.15,727.95,343.55,10661.55
2019-01-29,1210.65,1922.3,2057.6,727.9,346.85,10652.2
2019-01-30,1195.7,1885.8,2034.7,725.9,365.9,10651.8
2019-01-31,1227.15,1922.35,2079.95,749.55,364.45,10830.95
2019-02-01,1249.95,1961.25,2090.45,757.05,354.65,10893.65
2019-02-04,1290.9,1978.5,2104.9,755.9,354.55,10912.25
2019-02-05,1291.55,1981.4,2114.05,754.85,352.65,10934.35
2019-02-06,1310.25,1987.95,2122.65,763.3,359.3,11062.45
2019-02-07,1290.4,1969.65,2117.25,764.0,358.65,11069.4
2019-02-08,1277.7,1944.65,2122.65,760.9,355.1,10943.6
2019-02-11,1253.25,1948.2,2139.65,762.8,350.05,10888.8
2019-02-12,1256.4,1905.05,2129.7,750.45,344.3,10831.4
2019-02-13,1245.95,1930.5,2143.45,754.9,339.75,10793.65
2019-02-14,1224.2,1900.7,2110.2,740.05,343.95,10746.05
2019-02-15,1244.45,1874.9,2100.65,741.95,342.15,10724.4
2019-02-18,1220.1,1874.85,2089.9,741.05,338.75,10640.95
2019-02-19,1216.1,1853.45,2084.05,724.3,343.25,10604.35
2019-02-20,1234.35,1870.5,2108.35,740.7,345.2,10735.45
2019-02-21,1246.9,1891.45,2115.9,733.45,351.3,10789.85
2019-02-22,1232.35,1887.4,2091.45,734.95,352.05,10791.65
2019-02-25,1232.3,1894.5,2125.4,754.9,355.6,10880.1
2019-02-26,1220.25,1853.65,2110.65,742.5,348.2,10835.3
2019-02-27,1223.5,1841.0,2092.25,735.25,345.55,10806.65
2019-02-28,1231.05,1841.2,2077.55,734.3,350.15,10792.5
2019-03-01,1226.05,1859.45,2083.35,741.9,354.25,10863.5
2019-03-05,1237.65,1860.0,2107.1,732.5,363.25,10987.45
2019-03-06,1264.8,1885.2,2104.25,732.5,371.95,11053.0
2019-03-07,1270.25,1880.2,2126.5,722.95,370.8,11058.2
2019-03-08,1267.1,1884.05,2128.2,712.35,370.6,11035.4
2019-03-11,1304.1,1897.55,2128.45,711.25,375.85,11168.05
2019-03-12,1331.35,1930.0,2171.0,706.95,388.2,11301.2
2019-03-13,1347.3,1950.65,2226.55,708.45,391.9,11341.7
2019-03-14,1341.55,1956.95,2224.75,708.35,387.9,11343.25
2019-03-15,1321.65,1974.65,2253.0,718.55,395.3,11426.85
2019-03-18,1350.05,1962.4,2261.45,710.2,398.05,11462.2
2019-03-19,1376.55,1967.85,2267.75,722.25,398.4,11532.4
2019-03-20,1375.45,1987.55,2299.0,738.95,392.9,11521.05
2019-03-22,1341.75,1981.55,2276.15,743.1,391.8,11456.9
2019-03-25,1324.45,1945.65,2281.3,735.25,383.5,11354.25
2019-03-26,1367.25,1946.3,2311.35,727.75,394.1,11483.25
2019-03-27,1349.25,1919.9,2299.45,729.7,393.2,11445.05
2019-03-28,1360.0,1944.45,2302.8,737.8,400.55,11570.0
2019-03-29,1363.25,1968.25,2318.9,743.85,400.5,11623.9
2019-04-01,1391.85,1959.65,2311.8,755.1,398.25,11669.15
2019-04-02,1389.7,1995.95,2294.85,759.4,397.15,11713.2
2019-04-03,1375.2,2013.1,2292.75,753.3,392.1,11643.95
2019-04-04,1353.05,2042.05,2283.95,747.9,388.75,11598.0
2019-04-05,1353.9,2059.2,2305.6,759.3,390.55,11665.95
2019-04-08,1329.25,2054.9,2289.4,767.25,387.1,11604.5
2019-04-09,1334.45,2069.15,2287.25,760.6,397.15,11671.95
2019-04-10,1331.4,2029.25,2237.35,752.7,394.2,11584.3
2019-04-11,1346.8,2022.8,2257.5,742.7,390.05,11596.7
2019-04-12,1343.1,2024.95,2265.25,747.75,394.6,11643.45
2019-04-15,1340.15,2014.25,2288.8,727.5,392.75,11690.35
2019-04-16,1343.75,2026.7,2305.05,724.1,407.0,11787.15
2019-04-18,1385.95,2003.75,2293.65,717.05,404.4,11752.8
2019-04-22,1345.35,1953.9,2268.7,721.05,394.5,11594.45
2019-04-23,1363.85,1934.7,2245.3,728.2,396.5,11575.95
2019-04-24,1389.5,1980.4,2279.75,736.45,401.1,11726.15
2019-04-25,1372.4,1955.15,2263.45,728.55,395.4,11641.8
2019-04-26,1392.8,1977.4,2280.95,738.0,407.2,11754.65
2019-04-30,1392.8,1995.05,2317.45,751.35,407.5,11748.15
2019-05-02,1405.05,2017.4,2355.8,730.8,395.55,11724.75
2019-05-03,1408.85,2006.4,2367.95,723.6,401.8,11712.25
2019-05-06,1384.9,1965.45,2328.45,718.4,401.3,11598.25
2019-05-07,1343.5,1966.3,2322.35,724.55,386.5,11497.9
2019-05-08,1299.45,1930.75,2307.25,719.35,382.2,11359.45
2019-05-09,1256.45,1914.6,2290.9,721.05,381.4,11301.8
2019-05-10,1251.15,1931.7,2296.5,716.85,385.1,11278.9
2019-05-13,1232.05,1952.9,2287.2,719.7,376.3,11148.2
2019-05-14,1260.45,1965.2,2287.9,713.85,380.4,11222.05
2019-05-15,1256.9,1944.95,2286.7,716.1,377.05,11157.0
2019-05-16,1265.35,1942.1,2310.65,733.1,382.5,11257.1
2019-05-17,1267.4,1993.65,2362.1,723.9,389.7,11407.15
2019-05-20,1325.9,2122.5,2432.35,722.4,407.7,11828.25
2019-05-21,1339.8,2114.5,2403.7,709.3,400.15,11709.1
2019-05-22,1340.4,2138.8,2405.75,709.75,405.35,11737.9
2019-05-23,1333.9,2114.4,2332.1,701.05,410.85,11657.05
2019-05-24,1336.85,2123.4,2373.35,709.2,431.75,11844.1
2019-05-27,1310.65,2165.3,2408.35,708.1,435.5,11924.75
2019-05-28,1323.75,2147.85,2416.2,728.1,434.3,11928.75
2019-05-29,1313.05,2147.45,2416.9,727.8,423.3,11861.1
2019-05-30,1329.75,2184.4,2439.55,733.55,426.2,11945.9
2019-05-31,1330.15,2182.65,2425.35,737.75,423.7,11922.8
2019-06-03,1360.2,2230.45,2457.1,744.65,422.9,12088.55
2019-06-04,1351.65,2223.95,2452.3,735.3,419.1,12021.65
2019-06-06,1327.35,2183.45,2423.35,735.6,411.55,11843.75
2019-06-07,1314.9,2210.85,2447.65,739.1,416.6,11870.65
2019-06-10,1319.15,2194.05,2440.2,753.5,416.1,11922.7
2019-06-11,1329.15,2189.85,2448.4,754.9,421.35,11965.6
2019-06-12,1332.15,2181.95,2427.05,753.8,418.0,11906.2
2019-06-13,1327.25,2197.5,2444.7,742.65,419.6,11914.05
2019-06-14,1317.55,2185.85,2435.1,740.45,417.75,11823.3
2019-06-17,1282.3,2173.0,2422.0,740.55,414.2,11672.15
2019-06-18,1281.0,2153.0,2417.25,750.15,422.15,11691.5
2019-06-19,1277.35,2175.4,2428.35,751.9,419.8,11691.45
2019-06-20,1296.75,2199.25,2426.35,754.9,433.4,11831.75
2019-06-21,1279.5,2140.8,2414.2,750.2,430.8,11724.1
2019-06-24,1262.4,2148.9,2417.95,745.5,429.45,11699.65
2019-06-25,1295.85,2172.8,2428.7,748.1,433.65,11796.45
2019-06-26,1294.15,2168.1,2467.9,739.2,438.65,11847.55
2019-06-27,1274.15,2195.45,2462.3,730.55,440.95,11841.55
2019-06-28,1253.1,2192.1,2443.75,732.0,437.1,11788.85
2019-07-01,1268.85,2245.9,2485.55,731.3,439.0,11865.6
2019-07-02,1278.5,2281.25,2495.0,740.0,436.75,11910.3
2019-07-03,1282.55,2277.2,2489.65,731.3,435.95,11916.75
2019-07-04,1284.0,2280.25,2483.8,733.8,436.2,11946.75
2019-07-05,1263.35,2278.9,2472.4,718.0,436.35,11811.15
2019-07-08,1252.05,2259.95,2409.6,717.6,425.9,11558.6
2019-07-09,1280.1,2232.8,2379.15,715.5,428.5,11555.9
2019-07-10,1278.85,2227.75,2388.75,717.25,430.9,11498.9
2019-07-11,1281.55,2261.9,2407.15,721.5,426.55,11582.9
2019-07-12,1280.5,2257.8,2393.9,726.75,427.05,11552.5
2019-07-15,1276.1,2265.35,2394.75,779.35,422.3,11588.35
2019-07-16,1293.0,2277.55,2391.2,784.85,424.6,11662.6
2019-07-17,1281.85,2286.7,2397.45,794.15,424.7,11687.5
2019-07-18,1261.85,2345.15,2411.9,792.7,418.65,11596.9
2019-07-19,1249.0,2303.55,2375.65,785.4,410.3,11419.25
2019-07-22,1280.5,2186.9,2297.25,784.4,411.5,11346.2
2019-07-23,1273.55,2138.5,2263.5,790.05,411.95,11331.05
2019-07-24,1259.1,2184.25,2280.9,786.3,408.5,11271.3
2019-07-25,1231.5,2195.35,2286.05,794.5,409.0,11252.15
2019-07-26,1213.8,2165.75,2277.3,787.0,415.75,11284.3
2019-07-29,1210.95,2149.0,2244.3,791.45,429.35,11189.2
2019-07-30,1180.9,2127.25,2252.25,792.7,425.35,11085.4
2019-07-31,1166.25,2121.8,2251.65,793.65,424.6,11118.0
2019-08-01,1180.25,2086.8,2221.8,768.85,417.05,10980.0
2019-08-02,1184.35,2124.8,2214.35,775.6,410.6,10997.35
2019-08-05,1143.35,2152.35,2179.25,776.7,402.65,10862.6
2019-08-06,1128.3,2189.9,2189.1,774.45,410.25,10948.25
2019-08-07,1109.4,2175.2,2184.0,776.1,408.4,10855.5
2019-08-08,1152.35,2182.3,2233.15,788.75,414.4,11032.45
2019-08-09,1162.1,2211.65,2282.0,789.85,420.15,11109.65
2019-08-13,1274.75,2100.1,2220.35,764.75,410.25,10925.85
2019-08-14,1288.25,2117.7,2229.45,774.8,417.3,11029.4
2019-08-16,1278.0,2100.0,2227.7,774.55,418.95,11047.8
2019-08-19,1292.6,2114.05,2206.85,777.65,423.4,11053.9
2019-08-20,1275.95,2090.1,2220.6,792.75,416.9,11017.0
2019-08-21,1270.95,2066.9,2225.85,799.45,412.05,10918.7
2019-08-22,1246.75,2014.1,2174.1,795.7,399.1,10741.35
2019-08-23,1275.85,2043.75,2162.7,802.2,395.4,10829.35
2019-08-26,1266.8,2148.35,2256.15,802.55,411.65,11057.85
2019-08-27,1274.85,2174.3,2259.95,784.65,418.6,11105.35
2019-08-28,1263.3,2187.15,2247.5,802.5,412.95,11046.1
2019-08-29,1241.75,2128.45,2226.95,806.95,404.4,10948.3
2019-08-30,1248.55,2166.45,2227.95,814.9,409.65,11023.25
2019-09-03,1206.4,2089.9,2210.95,814.25,392.15,10797.9
2019-09-04,1201.15,2100.1,2247.75,821.3,397.5,10844.65
2019-09-05,1198.6,2044.15,2235.15,834.05,389.0,10847.9
2019-09-06,1222.5,2041.45,2245.9,840.15,391.35,10946.2
2019-09-09,1222.2,2064.25,2249.6,829.1,395.45,11003.05
2019-09-11,1234.4,2071.85,2251.3,820.1,394.6,11035.7
2019-09-12,1210.35,2082.75,2270.85,816.4,402.7,10982.8
2019-09-13,1225.6,2083.85,2257.45,829.3,413.4,11075.9
2019-09-16,1210.75,2046.75,2244.15,827.7,412.15,11003.5
2019-09-17,1197.45,1996.25,2211.35,831.25,400.65,10817.6
2019-09-18,1205.7,1988.3,2187.75,829.85,399.35,10840.65
2019-09-19,1179.05,1974.6,1101.05,820.7,386.6,10704.8
2019-09-20,1254.35,2049.3,1199.6,805.0,417.5,11274.2
2019-09-23,1239.2,2162.0,1257.25,764.35,446.3,11600.2
2019-09-24,1278.7,2130.0,1253.8,794.05,440.9,11588.2
2019-09-25,1279.55,2069.95,1239.7,792.65,434.2,11440.2
2019-09-26,1296.8,2063.2,1242.5,782.55,451.95,11571.2
2019-09-27,1309.05,2035.9,1244.2,782.2,449.2,11512.4
2019-09-30,1332.25,1977.05,1227.45,805.65,433.7,11474.45
2019-10-01,1304.9,1995.65,1248.8,793.55,424.6,11359.9
2019-10-03,1311.05,1974.55,1223.55,785.6,427.3,11314.0
2019-10-04,1308.1,1978.3,1189.7,793.45,413.9,11174.75
2019-10-07,1310.1,1969.3,1186.9,789.55,416.1,11126.4
2019-10-09,1324.75,2002.0,1228.15,783.65,436.7,11313.3
2019-10-10,1362.75,1987.95,1200.55,783.05,423.7,11234.55
2019-10-11,1352.6,2010.15,1198.8,814.8,428.55,11305.05
2019-10-14,1358.0,2014.75,1204.4,786.1,428.85,11341.15
2019-10-15,1364.15,2013.3,1223.05,768.3,431.85,11428.3
2019-10-16,1372.35,2048.7,1221.1,771.45,435.3,11464.0
2019-10-17,1396.5,2089.75,1220.0,769.5,440.6,11586.35
2019-10-18,1416.35,2094.45,1229.0,767.85,437.8,11661.85
2019-10-22,1414.15,2114.9,1239.3,643.55,451.15,11588.35
2019-10-23,1392.4,2142.95,1241.6,650.6,455.1,11604.1
2019-10-24,1436.45,2144.95,1236.1,635.35,454.75,11582.6
2019-10-25,1431.2,2101.55,1229.0,637.45,469.1,11583.9
2019-10-27,1434.25,2105.35,1237.7,648.85,469.55,11627.15
2019-10-29,1467.05,2113.05,1242.5,650.65,477.4,11786.85
2019-10-30,1479.1,2107.45,1248.35,660.6,471.15,11844.1
2019-10-31,1464.35,2131.9,1230.35,685.6,463.05,11877.45
2019-11-01,1456.9,2128.6,1240.05,687.9,462.25,11890.6
2019-11-04,1457.65,2181.3,1236.85,709.0,470.5,11941.3
2019-11-05,1447.3,2181.3,1239.5,696.1,468.35,11917.2
2019-11-06,1434.9,2220.6,1256.65,712.3,480.7,11966.05
2019-11-07,1458.6,2251.0,1263.7,720.1,478.55,12012.05
2019-11-08,1445.5,2233.2,1255.6,708.15,489.45,11908.15
2019-11-11,1427.8,2234.55,1264.75,704.4,496.8,11913.45
2019-11-13,1472.3,2207.45,1257.55,691.35,485.75,11840.45
2019-11-14,1462.75,2226.8,1273.9,705.3,498.65,11872.1
2019-11-15,1470.85,2224.05,1277.9,703.9,499.85,11895.45
2019-11-18,1459.2,2236.3,1262.05,705.2,498.35,11884.5
2019-11-19,1509.75,2212.1,1271.9,712.85,493.5,11940.1
2019-11-20,1547.65,2200.95,1273.35,713.0,495.0,11999.1
2019-11-21,1537.6,2210.35,1283.35,713.25,498.25,11968.4
2019-11-22,1546.5,2237.3,1264.75,693.2,496.8,11914.4
2019-11-25,1561.55,2294.55,1271.1,698.1,497.8,12073.75
2019-11-26,1560.25,2304.65,1275.05,690.6,510.7,12037.7
2019-11-27,1569.85,2336.3,1278.4,695.75,505.5,12100.7
2019-11-28,1580.3,2309.75,1265.3,701.85,519.15,12151.15
2019-11-29,1551.15,2297.25,1274.95,696.35,512.6,12056.05
2019-12-02,1586.5,2306.6,1265.75,692.7,510.9,12048.2
2019-12-03,1578.9,2319.7,1255.4,698.35,509.35,11994.2
2019-12-04,1552.7,2322.4,1251.65,708.85,529.25,12043.2
2019-12-05,1550.85,2327.55,1245.6,714.85,528.1,12018.4
2019-12-06,1554.9,2264.65,1246.05,715.1,524.8,11921.5
2019-12-09,1572.6,2311.4,1242.95,717.25,526.5,11937.5
2019-12-10,1561.95,2295.15,1249.5,714.55,528.7,11856.8
2019-12-11,1562.4,2321.65,1248.75,721.05,533.55,11910.15
2019-12-12,1568.2,2318.45,1263.6,702.1,535.35,11971.8
2019-12-13,1582.9,2354.5,1263.85,711.3,537.05,12086.7
2019-12-16,1566.6,2375.25,1257.35,714.0,539.25,12053.95
2019-12-17,1562.7,2430.1,1271.1,729.7,541.15,12165.0
2019-12-18,1575.85,2445.15,1292.35,732.45,541.4,12221.65
2019-12-19,1609.95,2411.9,1288.8,730.85,540.2,12259.7
2019-12-20,1599.1,2404.1,1296.7,731.55,546.1,12271.8
2019-12-23,1571.4,2422.65,1302.4,736.0,541.3,12262.75
2019-12-24,1546.45,2412.75,1289.15,733.4,541.1,12214.55
2019-12-26,1515.4,2414.1,1270.45,728.95,538.75,12126.55
2019-12-27,1542.35,2444.15,1275.0,736.95,549.4,12245.8
2019-12-30,1544.2,2438.25,1282.15,732.9,543.95,12255.85
2019-12-31,1514.05,2412.55,1272.1,731.15,538.9,12168.45
2020-01-01,1509.6,2433.95,1278.6,736.85,536.75,12182.5
2020-01-02,1535.3,2466.4,1286.75,734.7,540.6,12282.2
2020-01-03,1537.15,2454.45,1268.4,746.0,538.85,12226.65
2020-01-06,1501.5,2384.1,1240.95,738.85,525.7,11993.05
2020-01-07,1524.6,2415.05,1260.6,727.9,522.9,12052.95
2020-01-08,1513.15,2406.15,1257.3,718.2,525.95,12025.35
2020-01-09,1548.0,2457.4,1271.4,727.55,546.3,12215.9
2020-01-10,1547.65,2457.55,1282.7,738.15,540.25,12256.8
2020-01-13,1543.7,2462.55,1286.0,773.55,538.6,12329.55
2020-01-14,1529.4,2492.3,1289.5,775.65,537.6,12362.3
2020-01-15,1523.85,2488.6,1284.25,767.55,535.6,12343.3
2020-01-16,1537.9,2482.1,1287.65,767.0,537.15,12355.5
2020-01-17,1581.0,2453.95,1278.15,767.85,532.05,12352.35
2020-01-20,1532.35,2454.35,1254.9,768.45,534.85,12224.55
2020-01-21,1533.9,2465.45,1244.35,762.5,531.05,12169.85
2020-01-22,1533.35,2416.6,1240.85,770.2,522.85,12106.9
2020-01-23,1526.85,2428.4,1244.85,784.35,527.7,12180.35
2020-01-24,1521.55,2450.75,1244.55,782.75,533.85,12248.25
2020-01-27,1506.55,2395.8,1213.2,778.1,537.25,12119.0
2020-01-28,1471.75,2431.6,1223.2,778.0,528.2,12055.8
2020-01-29,1479.85,2404.25,1235.85,789.7,526.6,12129.5
2020-01-30,1443.75,2415.0,1226.05,780.7,532.2,12035.8
2020-01-31,1411.65,2414.0,1226.3,775.95,525.65,11962.1
2020-02-01,1383.35,2268.25,1198.7,779.5,504.6,11661.85
2020-02-03,1385.5,2259.75,1192.8,767.4,515.55,11707.9
2020-02-04,1426.4,2345.95,1229.8,787.85,530.8,11979.65
2020-02-05,1448.5,2391.65,1244.65,784.55,539.1,12089.15
2020-02-06,1457.8,2436.45,1239.8,771.35,541.6,12137.95
2020-02-07,1433.65,2405.65,1242.2,777.3,536.45,12098.35
2020-02-10,1435.6,2414.3,1240.3,773.2,533.95,12031.5
2020-02-11,1452.75,2435.15,1240.6,773.55,539.75,12107.9
2020-02-12,1470.3,2437.6,1249.0,781.05,549.3,12201.2
2020-02-13,1474.15,2403.65,1241.4,792.25,541.0,12174.65
2020-02-14,1487.6,2401.75,1219.35,786.45,545.8,12113.45
2020-02-17,1478.25,2350.25,1217.15,789.45,541.6,12045.8
2020-02-18,1467.4,2318.8,1213.25,797.65,541.2,11992.5
2020-02-19,1503.8,2377.25,1227.2,800.45,544.8,12125.9
2020-02-20,1485.95,2369.5,1217.1,797.0,547.0,12080.85
2020-02-24,1444.95,2292.3,1209.95,795.85,529.85,11829.4
2020-02-25,1416.4,2302.6,1200.3,798.4,530.95,11797.9
2020-02-26,1392.0,2281.45,1199.25,782.75,523.7,11678.5
2020-02-27,1386.25,2272.2,1199.45,777.85,515.35,11633.3
2020-02-28,1328.65,2175.75,1177.65,731.7,497.25,11201.75
2020-03-02,1316.15,2179.65,1179.6,741.05,506.1,11132.75
2020-03-03,1342.85,2191.4,1181.8,747.0,514.75,11303.3
2020-03-04,1339.7,2206.05,1148.85,758.75,508.35,11251.0
2020-03-05,1311.15,2195.05,1151.35,754.6,504.5,11269.0
2020-03-06,1271.0,2109.45,1134.9,738.95,486.35,10989.45
2020-03-09,1114.15,2027.9,1107.3,704.45,457.75,10451.45
2020-03-11,1153.55,2036.25,1113.8,686.0,465.65,10458.4
2020-03-12,1063.0,1875.7,1021.3,631.2,425.65,9590.15
2020-03-13,1105.3,2066.8,1069.8,642.35,447.2,9955.2
2020-03-16,1015.7,1841.75,999.5,583.15,402.9,9197.4
2020-03-17,1008.0,1755.8,975.1,554.95,367.25,8967.05
2020-03-18,968.5,1622.55,876.9,534.3,355.05,8468.8
2020-03-19,917.7,1617.6,895.55,545.55,338.55,8263.45
2020-03-20,1017.95,1753.95,882.85,585.2,345.7,8745.45
2020-03-23,884.05,1520.7,771.55,526.45,284.0,7610.25
2020-03-24,943.4,1505.1,767.7,589.8,296.5,7801.05
2020-03-25,1082.25,1646.05,856.75,606.2,316.9,8317.85
2020-03-26,1066.2,1733.25,901.1,643.0,330.25,8641.45
2020-03-27,1065.6,1754.0,904.45,652.7,339.85,8660.25
2020-03-30,1030.45,1558.75,831.65,626.7,313.4,8281.1
2020-03-31,1113.75,1633.1,861.9,641.5,323.75,8597.75
2020-04-01,1080.45,1583.5,829.65,602.8,311.15,8253.8
2020-04-03,1077.45,1499.55,813.85,585.7,286.65,8083.8
2020-04-07,1206.1,1555.15,896.1,639.0,326.1,8792.2
2020-04-08,1192.15,1558.8,888.9,631.6,318.95,8748.75
2020-04-09,1219.95,1703.1,925.05,636.25,342.7,9111.9
2020-04-13,1189.15,1655.2,895.35,637.4,330.65,8993.85
2020-04-15,1149.85,1596.3,863.3,639.05,327.35,8925.3
2020-04-16,1168.05,1625.75,879.75,623.85,342.0,8992.8
2020-04-17,1224.0,1680.6,910.3,628.75,375.55,9266.75
2020-04-20,1243.8,1727.7,944.85,653.3,361.3,9261.85
2020-04-21,1237.35,1669.7,921.65,633.2,331.85,8981.45
2020-04-22,1363.6,1664.15,928.6,641.85,335.95,9187.3
2020-04-23,1370.9,1663.45,954.95,679.3,352.95,9313.9
2020-04-24,1417.0,1580.3,938.05,658.0,334.85,9154.4
2020-04-27,1429.75,1591.45,929.7,664.6,347.9,9282.3
2020-04-28,1428.15,1715.8,931.4,660.7,359.85,9380.9
2020-04-29,1426.95,1836.75,977.1,676.55,370.45,9553.35
2020-04-30,1466.0,1916.0,1001.8,715.5,380.15,9859.9
2020-05-04,1435.2,1724.35,923.0,673.7,338.05,9293.5
2020-05-05,1460.65,1689.9,911.45,673.7,330.85,9205.6
2020-05-06,1460.75,1732.15,946.4,665.9,341.4,9270.9
2020-05-07,1506.95,1703.9,925.0,664.95,336.75,9199.05
2020-05-08,1561.8,1689.7,929.05,674.2,337.7,9251.5
2020-05-11,1576.8,1658.45,915.8,682.9,320.15,9239.2
2020-05-12,1479.25,1674.1,901.55,687.65,321.2,9196.55
2020-05-13,1496.45,1712.75,927.65,694.15,338.05,9383.55
2020-05-14,1435.95,1632.4,893.7,658.15,327.4,9142.75
2020-05-15,1459.4,1633.8,888.15,652.3,322.7,9136.85
2020-05-18,1440.75,1512.05,836.65,663.9,298.5,8823.25
2020-05-19,1408.9,1539.85,830.65,668.6,300.3,8879.1
2020-05-20,1433.7,1627.0,857.1,669.55,305.65,9066.55
2020-05-21,1441.25,1597.3,859.55,672.2,304.4,9106.25
2020-05-22,1431.55,1516.15,838.85,692.35,291.05,9039.25
2020-05-26,1424.05,1502.15,852.4,680.55,292.7,9029.05
2020-05-27,1445.55,1570.4,903.65,705.45,318.85,9314.95
2020-05-28,1472.25,1623.7,945.25,707.4,326.85,9490.1
2020-05-29,1464.4,1658.9,951.65,691.0,331.95,9580.3
2020-06-01,1520.35,1737.7,987.65,699.55,339.25,9826.15
2020-06-02,1535.7,1813.55,1001.0,708.1,348.4,9979.1
2020-06-03,1541.65,1835.65,1022.25,701.55,356.85,10061.55
2020-06-04,1579.8,1764.3,1001.7,707.75,347.85,10029.1
2020-06-05,1581.7,1766.6,1033.35,703.55,357.2,10142.15
2020-06-08,1569.5,1760.8,1015.9,720.85,359.8,10167.45
2020-06-09,1537.15,1772.1,987.3,717.6,348.55,10046.65
2020-06-10,1572.15,1809.3,991.85,715.85,353.0,10116.15
2020-06-11,1537.7,1787.45,968.6,703.95,341.25,9902.0
2020-06-12,1588.8,1792.2,982.75,692.05,344.2,9972.9
2020-06-15,1614.55,1751.65,949.85,687.55,331.1,9813.7
2020-06-16,1617.7,1821.9,990.4,701.2,342.95,9914.0
2020-06-17,1615.35,1794.65,979.25,703.65,341.95,9881.15
2020-06-18,1655.9,1855.95,1019.95,713.9,352.0,10091.65
2020-06-19,1759.4,1835.1,1033.35,705.55,363.8,10244.4
2020-06-22,1746.15,1819.4,1028.75,703.7,367.55,10311.2
2020-06-23,1720.9,1838.1,1042.3,720.65,376.15,10471.0
2020-06-24,1727.85,1797.75,1032.5,714.15,348.1,10305.3
2020-06-25,1717.9,1777.8,1028.75,700.5,351.0,10288.9
2020-06-26,1741.65,1769.35,1056.45,748.2,349.1,10383.0
2020-06-29,1723.15,1741.15,1076.05,731.75,343.1,10312.4
2020-06-30,1704.1,1754.65,1065.85,735.95,351.45,10302.1
2020-07-01,1737.6,1835.15,1084.6,731.9,364.05,10430.05
2020-07-02,1760.35,1889.45,1089.4,756.6,362.85,10551.7
2020-07-03,1787.9,1885.2,1073.95,762.7,361.0,10607.35
2020-07-06,1851.8,1868.7,1103.0,764.0,361.85,10763.65
2020-07-07,1823.45,1886.75,1105.15,794.15,376.05,10799.65
2020-07-08,1798.0,1886.05,1110.35,774.7,368.95,10705.75
2020-07-09,1824.25,1941.85,1124.95,781.7,370.35,10813.45
2020-07-10,1878.05,1886.0,1105.1,781.85,360.35,10768.05
2020-07-13,1935.0,1845.55,1080.25,797.05,353.6,10802.7
2020-07-14,1917.0,1791.6,1058.85,783.25,345.55,10607.35
2020-07-15,1844.0,1789.9,1053.15,830.95,345.8,10618.2
2020-07-16,1843.4,1787.8,1062.55,911.0,344.65,10739.95
2020-07-17,1911.7,1805.85,1098.45,903.15,353.8,10901.7
2020-07-20,1919.9,1806.05,1133.05,934.3,363.0,11022.2
2020-07-21,1971.55,1883.65,1138.55,936.75,378.8,11162.25
2020-07-22,2004.0,1881.05,1126.35,917.9,381.1,11132.6
2020-07-23,2057.8,1875.8,1130.4,907.95,392.25,11215.45
2020-07-24,2146.15,1841.3,1119.1,922.85,381.8,11194.15
2020-07-27,2156.2,1850.75,1079.5,948.45,358.5,11131.8
2020-07-28,2177.7,1897.35,1086.65,962.85,352.1,11300.55
2020-07-29,2096.65,1877.3,1064.6,954.15,351.05,11202.85
2020-07-30,2108.85,1810.65,1050.65,961.45,344.95,11102.15
2020-07-31,2067.1,1781.95,1032.8,966.0,346.8,11073.45
2020-08-03,2009.0,1739.8,1002.0,956.9,343.25,10891.6
2020-08-04,2150.6,1781.1,1041.65,949.85,351.0,11095.25
2020-08-05,2126.45,1776.7,1027.55,944.7,352.2,11101.65
2020-08-06,2134.1,1783.75,1040.7,970.85,358.75,11200.15
2020-08-07,2146.45,1777.7,1043.85,950.9,357.95,11214.05
2020-08-10,2119.85,1798.95,1050.65,951.35,363.55,11270.15
2020-08-11,2133.8,1826.75,1066.65,948.45,367.35,11322.5
2020-08-12,2127.6,1814.2,1063.7,954.95,366.85,11308.4
2020-08-13,2122.05,1804.85,1059.05,951.2,368.05,11300.45
2020-08-14,2113.8,1791.7,1034.45,953.6,361.4,11178.4
2020-08-17,2091.35,1800.55,1032.75,957.5,360.2,11247.1
2020-08-18,2118.55,1820.7,1056.5,967.55,369.55,11385.35
2020-08-19,2131.55,1827.95,1066.6,959.3,374.45,11408.4
2020-08-20,2097.05,1785.15,1059.0,955.15,367.75,11312.2
2020-08-21,2081.85,1804.05,1085.65,948.8,371.15,11371.6
2020-08-24,2095.75,1829.85,1117.05,947.4,380.35,11466.45
2020-08-25,2082.1,1829.6,1119.7,938.1,386.35,11472.25
2020-08-26,2137.3,1816.0,1118.45,950.8,389.35,11549.6
2020-08-27,2110.6,1864.1,1112.1,947.05,392.2,11559.25
2020-08-28,2116.15,1883.25,1114.5,935.25,409.7,11647.6
2020-08-31,2080.7,1832.6,1115.85,928.6,394.6,11387.5
2020-09-01,2087.25,1851.2,1127.3,914.15,390.95,11470.25
2020-09-02,2128.2,1827.2,1134.15,924.0,392.4,11535.0
2020-09-03,2112.1,1808.75,1130.9,935.55,382.75,11527.45
2020-09-04,2077.25,1769.7,1119.3,919.15,372.55,11333.85
2020-09-07,2082.65,1791.1,1110.5,925.05,373.4,11355.05
2020-09-08,2107.1,1777.3,1112.45,939.3,375.7,11317.35
2020-09-09,2161.35,1760.75,1096.5,927.75,367.6,11278.0
2020-09-10,2314.0,1777.45,1090.55,940.05,370.7,11449.25
2020-09-11,2319.75,1768.15,1078.65,945.7,370.5,11464.45
2020-09-14,2302.55,1738.0,1057.95,978.4,363.7,11440.05
2020-09-15,2318.85,1758.75,1070.5,982.45,371.55,11521.8
2020-09-16,2324.55,1768.15,1093.65,1001.75,374.7,11604.55
2020-09-17,2298.75,1744.35,1083.6,1011.0,369.0,11516.1
2020-09-18,2305.7,1724.0,1057.3,1002.15,369.55,11504.95
2020-09-21,2255.85,1708.15,1049.3,1009.9,350.7,11250.55
2020-09-22,2211.15,1674.85,1035.4,1007.5,354.4,11153.65
2020-09-23,2230.8,1667.1,1047.25,1019.75,351.85,11131.85
2020-09-24,2181.2,1636.85,1030.4,975.4,335.7,10805.55
2020-09-25,2201.7,1652.0,1044.0,1011.45,348.65,11050.25
2020-09-28,2216.25,1681.45,1054.2,1010.4,363.0,11227.55
2020-09-29,2245.05,1713.1,1062.55,1009.0,357.05,11222.4
2020-09-30,2234.35,1740.05,1078.6,1008.25,354.75,11247.55
2020-10-01,2225.25,1790.65,1106.95,1017.65,369.2,11416.95
2020-10-05,2212.2,1785.1,1114.35,1048.7,373.1,11503.35
2020-10-06,2210.35,1934.4,1144.1,1055.75,380.6,11662.4
2020-10-07,2257.5,1948.75,1162.25,1066.55,382.65,11738.85
2020-10-08,2239.25,1949.25,1191.8,1093.7,387.5,11834.6
2020-10-09,2233.45,1957.65,1233.55,1106.8,401.5,11914.2
2020-10-12,2237.05,1965.4,1213.65,1132.1,404.05,11930.95
2020-10-13,2280.7,1943.4,1198.45,1157.8,396.25,11934.5
2020-10-14,2287.5,1979.85,1211.5,1137.0,406.8,11971.05
2020-10-15,2206.5,1947.2,1169.25,1108.25,391.0,11680.35
2020-10-16,2175.8,1961.7,1199.35,1127.5,396.1,11762.45
2020-10-19,2176.2,2031.5,1203.55,1125.9,417.1,11873.05
2020-10-20,2155.9,2015.3,1223.95,1137.5,414.6,11896.8
2020-10-21,2124.6,2048.75,1246.7,1148.35,420.3,11937.65
2020-10-22,2106.95,2042.55,1233.3,1129.05,412.9,11896.45
2020-10-23,2113.05,2059.7,1235.8,1122.5,416.95,11930.35
2020-10-26,2029.1,2073.35,1210.9,1112.45,404.45,11767.75
2020-10-27,2034.5,2041.35,1233.1,1090.85,409.95,11889.4
2020-10-28,2011.45,1968.9,1209.6,1076.55,396.05,11729.6
2020-10-29,2026.9,1934.3,1187.2,1074.85,399.9,11670.8
2020-10-30,2054.5,1923.55,1183.55,1060.6,392.6,11642.4
2020-11-02,1877.45,2040.8,1215.25,1072.3,417.45,11669.15
2020-11-03,1850.4,2130.95,1247.95,1062.55,443.85,11813.5
2020-11-04,1913.2,2088.2,1257.4,1093.95,437.05,11908.5
2020-11-05,1955.0,2100.7,1269.2,1104.0,438.5,12120.3
2020-11-06,2029.15,2138.45,1307.65,1112.75,442.8,12263.55
2020-11-09,2050.7,2152.1,1340.55,1136.55,462.7,12461.05
2020-11-10,2084.55,2272.1,1393.65,1091.05,483.85,12631.1
2020-11-11,1997.2,2324.3,1389.95,1122.5,486.55,12749.15
2020-11-12,1980.0,2332.1,1371.7,1117.75,476.7,12690.8
2020-11-13,1996.4,2306.75,1358.8,1124.2,485.55,12719.95
2020-11-14,2002.3,2311.25,1369.7,1133.45,486.9,12780.25
2020-11-17,1993.25,2349.0,1408.45,1123.7,486.4,12874.2
2020-11-18,1987.2,2364.9,1408.7,1110.55,497.65,12938.25
2020-11-19,1973.15,2324.6,1374.35,1096.75,478.75,12771.7
2020-11-20,1899.5,2334.8,1403.65,1103.35,480.2,12859.05
2020-11-23,1950.7,2250.8,1394.6,1139.85,468.25,12926.45
2020-11-24,1964.05,2217.7,1438.2,1140.05,478.2,13055.15
2020-11-25,1947.8,2191.35,1402.8,1115.65,472.7,12858.4
2020-11-26,1952.6,2238.4,1426.65,1113.2,475.3,12987.0
2020-11-27,1929.8,2256.25,1440.85,1100.0,473.35,12968.95
2020-12-01,1954.9,2306.95,1433.3,1137.85,485.1,13109.05
2020-12-02,1958.15,2276.35,1406.95,1140.9,480.45,13113.75
2020-12-03,1964.05,2253.95,1377.2,1126.45,481.85,13133.9
2020-12-04,1946.75,2245.9,1385.6,1134.65,502.05,13258.55
2020-12-07,1958.2,2303.8,1372.25,1143.5,510.45,13355.75
2020-12-08,1993.75,2309.75,1376.3,1153.35,508.4,13392.95
2020-12-09,2026.95,2306.7,1407.2,1175.2,511.5,13529.1
2020-12-10,2007.0,2289.1,1385.85,1167.75,506.95,13478.3
2020-12-11,2005.8,2295.9,1382.8,1163.2,515.45,13513.85
2020-12-14,1991.3,2302.65,1372.15,1164.55,525.8,13558.15
2020-12-15,1974.35,2350.35,1391.3,1154.6,518.05,13567.85
2020-12-16,1976.55,2424.65,1410.7,1165.7,512.45,13682.7
2020-12-17,1985.6,2494.6,1441.8,1159.2,510.4,13740.7
2020-12-18,1991.55,2479.4,1411.35,1189.8,517.15,13760.55
2020-12-21,1939.7,2414.8,1372.65,1177.3,494.5,13328.4
2020-12-22,1936.7,2403.65,1373.1,1220.5,500.3,13466.3
2020-12-23,1943.85,2403.05,1375.65,1253.05,503.6,13601.1
2020-12-24,1994.15,2455.15,1397.1,1236.05,513.55,13749.25
2020-12-28,2003.3,2476.45,1412.85,1240.3,520.1,13873.2
2020-12-29,1990.05,2518.95,1427.2,1250.3,528.8,13932.6
2020-12-30,1995.5,2518.05,1432.5,1246.8,528.75,13981.95
2020-12-31,1985.3,2558.65,1436.3,1255.8,535.05,13981.75
2021-01-01,1987.5,2568.75,1425.05,1260.45,527.5,14018.5
2021-01-04,1990.85,2578.5,1416.0,1288.25,531.7,14132.9
2021-01-05,1966.1,2651.85,1426.7,1293.8,537.25,14199.5
2021-01-06,1914.25,2638.85,1420.55,1282.1,546.7,14146.25
2021-01-07,1911.15,2661.35,1416.25,1262.15,541.1,14137.35
2021-01-08,1933.7,2657.5,1431.65,1312.1,542.05,14347.25
2021-01-11,1897.25,2751.2,1451.45,1376.2,544.7,14484.75
2021-01-12,1957.05,2747.55,1481.0,1371.75,548.0,14563.45
2021-01-13,1938.8,2670.9,1470.65,1387.15,556.5,14564.85
2021-01-14,1960.6,2684.05,1468.75,1370.5,553.3,14595.6
2021-01-15,1937.45,2632.75,1466.65,1344.95,543.0,14433.7
2021-01-18,1983.95,2566.5,1483.1,1312.05,533.15,14281.3
2021-01-19,2016.4,2656.95,1503.85,1316.65,546.45,14521.15
2021-01-20,2054.7,2688.15,1492.0,1339.45,551.0,14644.7
2021-01-21,2099.4,2663.0,1474.8,1339.7,552.7,14590.35
2021-01-22,2049.6,2589.45,1443.55,1340.85,533.8,14371.9
2021-01-25,1941.0,2551.4,1462.85,1325.1,538.05,14238.9
2021-01-27,1895.0,2467.0,1409.6,1301.0,522.35,13967.5
2021-01-28,1876.55,2425.75,1371.45,1276.2,528.25,13817.55
2021-01-29,1841.95,2377.8,1390.5,1239.05,537.0,13634.6
2021-02-01,1895.3,2579.25,1476.75,1260.9,603.8,14281.2
2021-02-02,1925.8,2659.0,1560.55,1271.25,617.35,14647.85
2021-02-03,1930.65,2703.55,1574.8,1284.65,622.35,14789.95
2021-02-04,1924.3,2707.75,1579.1,1279.35,628.3,14895.65
2021-02-05,1923.75,2721.5,1597.6,1272.1,614.15,14924.25
2021-02-08,1951.45,2733.35,1605.25,1303.55,629.6,15115.8
2021-02-09,1956.15,2747.05,1611.85,1305.55,633.35,15109.3
2021-02-10,1974.3,2767.1,1581.75,1296.5,632.15,15106.5
2021-02-11,2055.7,2760.6,1572.35,1292.65,630.65,15173.3
2021-02-12,2041.6,2791.5,1581.95,1309.8,647.6,15163.3
2021-02-15,2032.6,2860.45,1616.6,1309.65,673.95,15314.7
2021-02-16,2059.5,2858.65,1626.65,1290.4,658.35,15313.45
2021-02-17,2083.25,2805.35,1586.5,1281.3,657.35,15208.9
2021-02-18,2067.7,2745.15,1554.3,1292.45,644.65,15118.95
2021-02-19,2080.3,2741.3,1539.1,1291.3,624.05,14981.75
2021-02-22,2008.1,2651.95,1548.0,1265.2,609.85,14675.7
2021-02-23,2023.45,2628.6,1529.15,1266.35,616.3,14707.8
2021-02-24,2061.0,2707.75,1606.45,1274.3,641.1,14982.0
2021-02-25,2144.35,2684.7,1606.4,1274.55,628.0,15097.35
2021-02-26,2085.8,2539.4,1534.4,1253.3,597.75,14529.15
2021-03-01,2101.7,2606.0,1558.9,1267.0,608.35,14761.55
2021-03-02,2106.0,2564.0,1568.2,1304.5,610.5,14919.1
2021-03-03,2202.1,2654.9,1586.85,1343.55,632.1,15245.6
2021-03-04,2175.85,2582.95,1552.05,1330.35,620.75,15080.75
2021-03-05,2178.7,2543.9,1530.0,1316.7,609.45,14938.1
2021-03-08,2191.1,2510.25,1519.5,1335.75,608.05,14956.2
2021-03-09,2191.05,2577.3,1562.5,1345.55,625.1,15098.4
2021-03-10,2181.95,2599.8,1555.75,1368.15,625.6,15174.8
2021-03-12,2137.6,2568.0,1551.95,1374.85,612.85,15030.95
2021-03-15,2108.9,2535.5,1528.65,1373.6,603.5,14929.5
2021-03-16,2100.6,2510.4,1512.15,1384.0,594.95,14910.45
2021-03-17,2055.35,2515.55,1495.35,1387.0,589.5,14721.3
2021-03-18,2009.1,2514.6,1491.0,1337.1,578.6,14557.85
2021-03-19,2082.0,2531.65,1497.5,1344.45,586.65,14744.0
2021-03-22,2062.4,2531.85,1469.15,1370.8,573.45,14736.4
2021-03-23,2087.5,2509.9,1500.15,1371.55,586.4,14814.75
2021-03-24,2047.3,2465.75,1478.8,1353.75,567.5,14549.4
2021-03-25,1991.45,2470.75,1463.35,1333.8,571.55,14324.9
2021-03-26,1994.65,2532.75,1491.3,1336.2,578.55,14507.3
2021-03-30,2029.3,2605.65,1553.7,1385.3,591.45,14845.1
2021-03-31,2003.1,2498.1,1493.65,1368.05,582.1,14690.7
2021-04-01,2021.85,2531.45,1486.75,1385.2,594.4,14867.35
2021-04-05,1992.6,2445.85,1449.6,1409.9,571.25,14637.8
2021-04-06,1984.3,2472.3,1440.25,1411.05,565.9,14683.5
2021-04-07,2002.85,2482.7,1447.2,1430.2,577.65,14819.05
2021-04-08,2005.35,2502.55,1432.8,1439.85,576.7,14873.8
2021-04-09,1982.05,2513.9,1421.75,1441.05,566.2,14834.85
2021-04-12,1911.15,2419.85,1367.05,1425.75,538.55,14310.8
2021-04-13,1931.8,2512.95,1400.35,1397.15,560.6,14504.8
2021-04-15,1944.3,2547.15,1430.1,1360.75,575.2,14581.45
2021-04-16,1932.1,2574.05,1428.65,1353.75,566.95,14617.85
2021-04-19,1901.7,2492.35,1412.4,1362.55,559.75,14359.45
2021-04-20,1901.15,2415.9,1391.4,1351.35,559.1,14296.4
2021-04-22,1906.4,2479.7,1422.5,1351.1,579.2,14406.15
2021-04-23,1904.35,2497.35,1414.15,1333.8,569.95,14341.35
2021-04-26,1937.85,2509.8,1404.8,1343.55,591.1,14485.0
2021-04-27,1988.65,2518.4,1438.7,1348.5,598.75,14653.05
2021-04-28,1997.3,2577.0,1476.8,1356.0,621.35,14864.55
2021-04-29,2024.05,2538.85,1472.5,1356.35,621.45,14894.9
2021-04-30,1994.5,2420.1,1412.3,1354.35,600.5,14631.1
2021-05-03,1959.05,2418.5,1414.45,1352.05,596.75,14634.15
2021-05-04,1916.6,2377.2,1388.35,1329.4,591.55,14496.5
2021-05-05,1920.1,2377.6,1402.6,1341.5,602.8,14617.85
2021-05-06,1931.0,2430.1,1400.9,1361.6,608.2,14724.8
2021-05-07,1931.75,2496.75,1414.75,1352.55,607.1,14823.15
2021-05-10,1926.2,2531.35,1419.85,1339.55,613.25,14942.35
2021-05-11,1933.15,2464.2,1403.55,1330.65,609.85,14850.75
2021-05-12,1913.15,2438.7,1399.5,1327.0,594.75,14696.5
2021-05-14,1937.3,2422.0,1386.85,1316.4,597.3,14677.8
2021-05-17,1960.35,2486.45,1440.25,1329.4,623.6,14923.15
2021-05-18,1987.95,2502.85,1476.7,1340.0,633.2,15108.1
2021-05-19,1997.05,2459.85,1458.2,1337.0,625.45,15030.15
2021-05-20,1985.4,2445.0,1432.8,1339.3,618.6,14906.05
2021-05-21,2002.55,2518.05,1497.3,1354.5,642.45,15175.3
2021-05-24,1985.65,2540.9,1509.95,1348.05,647.35,15197.7
2021-05-25,1963.15,2530.5,1478.95,1361.6,650.3,15208.45
2021-05-26,1970.05,2567.55,1477.05,1397.25,652.5,15301.45
2021-05-27,1976.1,2508.85,1482.65,1402.25,652.25,15337.85
2021-05-28,2094.8,2541.35,1503.45,1405.05,643.05,15435.65
2021-05-31,2160.3,2552.85,1515.85,1393.75,662.75,15582.8
2021-06-01,2168.9,2580.75,1511.7,1387.2,650.1,15574.85
2021-06-02,2201.25,2562.15,1504.0,1378.65,648.35,15576.2
2021-06-03,2209.65,2584.0,1520.55,1389.65,650.25,15690.35
2021-06-04,2190.5,2619.05,1500.95,1385.65,642.7,15670.25
2021-06-07,2227.4,2585.75,1499.85,1389.65,648.2,15751.65
2021-06-08,2214.6,2554.5,1483.05,1412.95,642.4,15740.1
2021-06-09,2175.0,2544.75,1480.3,1415.3,636.1,15635.35
2021-06-10,2183.0,2561.9,1481.05,1424.3,640.4,15737.75
2021-06-11,2213.15,2559.8,1486.35,1446.9,635.7,15799.35
2021-06-14,2244.9,2539.2,1479.45,1461.8,635.15,15811.85
2021-06-15,2250.0,2545.1,1490.25,1473.9,645.3,15869.25
2021-06-16,2211.6,2521.45,1484.6,1480.6,640.1,15767.55
2021-06-17,2215.65,2487.3,1466.1,1495.3,633.0,15691.4
